model_id,mean_per_class_error,logloss,rmse,mse
XGBoost_1_AutoML_1_20250322_122908,0.1254173374055418,0.3635113684269274,0.3247377660756969,0.105454616715834
GLM_1_AutoML_1_20250322_122908,0.901851851851852,2.3101014333922176,0.9007383391431004,0.8113295556022713
