model_id,mean_per_class_error,logloss,rmse,mse
XGBoost_1_AutoML_1_20250322_135938,0.1246940049861212,0.3668463909501544,0.3271242331615969,0.1070102639215628
GLM_1_AutoML_1_20250322_135938,0.1471153255668466,0.4650856452393727,0.3705422349472549,0.1373015478797067
