model_id,mean_per_class_error,logloss,rmse,mse
XGBoost_1_AutoML_1_20250323_12228,0.1206326561362467,0.3476615083269617,0.3184242843061396,0.1013940248358772
GLM_1_AutoML_1_20250323_12228,0.9,2.298263403855589,0.8995492227814815,0.8091888042067675
