model_id,mean_per_class_error,logloss,rmse,mse
XGBoost_1_AutoML_1_20250322_212258,0.1255169273278586,0.36189696244574,0.3275915768437238,0.1073162412189574
GLM_1_AutoML_1_20250322_212258,0.9,2.304111156545667,0.9001185115025927,0.8102133347496431
