model_id,accuracy,precision,recall,f1_score
XGBoost_1_AutoML_1_20250322_225312,0.8683333333333333,0.8669581836073471,0.8683333333333333,0.8670906327597607
GLM_1_AutoML_1_20250322_225312,0.094,0.008836,0.094,0.016153564899451554
