model_id,accuracy,precision,recall,f1_score
XGBoost_1_AutoML_1_20250323_12228,0.8646666666666667,0.8637731887723914,0.8646666666666667,0.8636711310765179
GLM_1_AutoML_1_20250323_12228,0.09966666666666667,0.009933444444444444,0.09966666666666667,0.018066282711932908
